ProductUpcCode,Domain,ExpirationDate
141,Kitchen,1548827050
122,Kitchen,1546170830
127,Kitchen,1551055440
125,Kitchen,1532913759
116,Kitchen,1543395018
101,Kitchen,1522549693
116,Kitchen,1528067175
134,Kitchen,1553006172
143,Kitchen,1531599399
110,Kitchen,1540100084
144,Kitchen,1540463683
146,Kitchen,1547949596
139,Kitchen,1545744738
112,Kitchen,1551715008
136,Kitchen,1539695430
124,Kitchen,1521789602
131,Kitchen,1532798320
113,Bathroom,1551849639
139,Bathroom,1526577909
144,Bathroom,1545385946
124,Bathroom,1541731465
101,Bathroom,1543121882
139,Bathroom,1545685763
146,Bathroom,1522592428
114,Bathroom,1546040949
108,Bathroom,1548855624
132,Bathroom,1546431402
116,Bathroom,1522050492
101,Bathroom,1544753769
134,Bathroom,1534991971
113,Bathroom,1525085884
132,Bathroom,1534537209
109,Bathroom,1545713254
144,Bathroom,1550888902
130,Bathroom,1537536144
108,Bathroom,1527434152
125,Glass,1551080362
130,Glass,1542033752
103,Glass,1533188590
102,Glass,1539921951
149,Glass,1552455901
129,Glass,1526048705
112,Glass,1546003492
119,Glass,1536219773
123,Glass,1540735421
105,Carpet,1535703715
110,Carpet,1531899120
106,Carpet,1553051452
106,Carpet,1531191610
107,Carpet,1525844081
